абразивный-инструмент|560|Абразивный инструмент
пескоструйное-оборудование|50|Абразивоструйное оборудование
аварийные-службы|3470|Аварийные службы
авиабилеты|1680|Авиабилеты
перевозки-авиатранспортом|1260|Авиагрузоперевозки
авиакомпании|100|Авиакомпании
авиационные-клубы|100|Авиационные клубы
автоаксессуары-принадлежности-для-автомобилей|3080|Автоаксессуары|Автозапчасти / Автоаксессуары
автобусные-билеты|150|Автобусные билеты
автозаправки|10|Автозаправочные станции (азс)|Автозаправочные станции (АЗС)|Заправочные станции
автозапчасти-для-грузовых-автомобилей|9480|Автозапчасти для грузовых автомобилей|Автозапчасти / Автоаксессуары
автозапчасти-для-иномарок|25370|Автозапчасти для иномарок|Автозапчасти / Автоаксессуары
автозапчасти-для-отечественных-автомобилей|5130|Автозапчасти для отечественных автомобилей|Автозапчасти / Автоаксессуары
звуковое-оборудование-для-авто|280|Автозвук
услуги-по-автоматизации-бизнес-процессов|10|Автоматизация бизнес-процессов
услуги-автоматизации-инженерных-систем|20|Автоматизация инженерных систем
услуги-по-автоматизации-промышленности|130|Автоматизация производственных процессов
услуги-по-автоматизации-торговых-процессов|80|Автоматизация торговли
автомобилестроительные-организации|110|Автомобилестроение
аккумуляторы-для-автомобилей|4710|Автомобильные аккумуляторы
автомойки|13440|Автомойки
сто-авторемонт|7250|Авторемонт и техобслуживание (сто)|Авторемонт и техобслуживание (СТО)|Ремонт автобусов|Ремонт МКПП
стекло-для-автомобиля|180|Автостекло
автостоянки|10010|Автостоянки|Коллективные автостоянки
школы-подготовки-водителей|20|Автошколы|Мотошколы
автоэкспертиза|4150|Автоэкспертиза
автоэмали-и-краски|8970|Автоэмали
услуги-агентств-для-морских-судов|60|Агентирование морских судов|Фрахтование морских судов|Шипчандлерские услуги
услуги-агентств-недвижимости|100|Агентства недвижимости
подписка-на-периодические-издания|40|Агентства по подписке печатных изданий
международные-кадровые-агентства|270|Агентства по трудоустройству за рубежом
администрации-поселений|280|Администрации поселений
высшие-учебные-заведения-академии|480|Академии
аквариумы|1360|Аквариумы
акватеррариумы|40|Акватеррариум
продажа-аксессуаров-для-ванной|50|Аксессуары для ванных комнат
аксессуары-к-мобильным-телефонам|980|Аксессуары к мобильным телефонам
услуги-личных-менеджеров-для-актеров|20|Актёрские агентства
продажа-алкогольных-напитков|1630|Алкогольные напитки
антенны-и-сопутствующее-оборудование|20|Антенное оборудование
продажа-антиквариата|70|Антиквариат
антикоррозийная-обработка-автомобилей|3000|Антикоррозийная обработка автомобилей
антикоррозийная-обработка-металлоконструкций|150|Антикоррозийная обработка металлоконструкций
аппаратная-замена-масла|870|Аппаратная замена масла
продажа-лекарств-и-аптеки|15240|Аптеки
услуги-арбитражного-управляющего|20|Арбитражный управляющий
услуги-аренды-помещений|2320|Аренда помещений
услуги-аромамаркетинга|10|Аромамаркетинг|Ароматовары
архивные-услуги|60|Архивные услуги
услуги-архитектурного-проектирования|2160|Архитектурно-строительное проектирование
пошив-и-ремонт-обуви|160|Ателье обувные|Обувные магазины
ателье-трикотажные|5890|Ателье трикотажные
ателье-швейные|18220|Ателье швейные
аудиторские-услуги|920|Аудиторские услуги
аэродинамическая-труба|550|Аэродинамические комплексы
аэропорт|20|Аэропорты
туристистические-базы|50|Базы отдыха
залы-для-проведения-банкетов|30|Банкетные залы
банки|4480|Банки
банковское-оборудование|120|Банковское оборудование|Ремонт банковского оборудования
банкоматы|450|Банкоматы
бары|2670|Бары|Рюмочные
крытые-бассейны|40|Бассейны
продажа-безалкогольных-напитков|20|Безалкогольные напитки|Минеральная вода|Питьевая вода
бензоинструмент|3800|Бензоинструмент
бескаркасная-мебель|200|Бескаркасная мебель
библиотеки-и-книги|630|Библиотеки
аксессуары-и-бижутерия|150|Бижутерия
бизнес-центры-коммерческая-недвижимость|20|Бизнес-центры
бильярдные-залы|1140|Бильярдные залы
бады|130|Биологически активные добавки (бад)|Биологически активные добавки (БАД)
благотворительные-фонды|5260|Благотворительные фонды
обустройство-улиц|670|Благоустройство улиц
больницы|11860|Больницы
ботанические-сады|50|Ботанический сад|Ботанический сад / Дендрарий
боулинг-клубы|2450|Боулинг
бронетранспорт|60|Бронированные автомобили
бумага-для-полиграфии|290|Бумага для полиграфии
упаковка-из-бумаги|20|Бумажная упаковка
услуги-бункеровки-судов|410|Бункеровка судов
буровое-оборудование|440|Буровое оборудование
буровые-работы|1700|Буровые работы
бухгалтерские-курсы|520|Бухгалтерские курсы
программы-для-бухгалтерии|130|Бухгалтерские программы
услуги-бухгалтеров|130|Бухгалтерские услуги
продажа-бытовой-техники|2110|Бытовая техника
химия-для-дома|60|Бытовая химия
судмедэкспертиза|50|Бюро медико-социальной экспертизы
войлочно-валяные-изделия|130|Валяльно-войлочные изделия
ведение-дел-в-судах|2370|Ведение дел в судах
веллнесс-услуги|10|Велнес-залы
продажа-и-аренда-велосипедов|100|Велосипеды
вендинговое-оборудование|280|Вендинговое оборудование
осенняя-и-зимняя-верхняя-одежда|8010|Верхняя одежда
весовое-оборудование|440|Весовое оборудование
апетки-для-животных|50|Ветеринарные аптеки
клиники-для-животных|30|Ветеринарные клиники
ветеринарные-исследования|200|Ветеринарные лаборатории
препараты-для-животных|60|Ветеринарные препараты
взрывные-работы|180|Взрывные работы
видеостудии|150|Видеостудии
услуги-вневедомственной-охраны|220|Вневедомственная охрана
военная-комендатура|2040|Военная комендатура
юношеские-военно-патриотические-организации|280|Военно-патриотические клубы
военкоматы|1040|Военные комиссариаты
воскресные-школы-для-детей|1240|Воскресные школы
услуги-амбулаторного-лечения|230|Врачебные амбулатории
двери-входные|100|Входные двери|Установка входных групп
вызов-ветеринара|80|Выездные ветеринарные службы
высотные-работы|650|Высотные работы
газеты|8160|Газеты
продажа-газового-оборудования|60|Газовое оборудование
газовое-оборудование-для-автомобилей-и-автобусов|670|Газовое оборудование для автотранспорта
гаражные-кооперативы|3210|Гаражные кооперативы
организация-геодезических-работ|100|Геодезические работы
геодезическое-оборудование|1030|Геодезическое оборудование
организация-геологических-работ|110|Геологические работы|Гидрогеологические работы
услуги-геологоразведки|160|Геологоразведочные работы
организация-геофизических-работ|140|Геофизические работы|Геофизическое оборудование
органы-гибдд|2410|Гибдд|ГИБДД|ГАИ
услуги-гидрогеологов|240|Гидрогеологические работы|Геологические работы
материалы-для-гидроизоляции|20|Гидроизоляционные материалы|Герметики, клеи
работы-по-гидроизоляции|310|Гидроизоляционные работы
оборудование-для-гидромассажа|130|Гидромассажное оборудование
гидрометеослужба|90|Гидрометеослужба
строительство-гидротехнических-сооружений-и-конструкций|250|Гидротехническое строительство
средние-учебные-заведения-гимназии|1420|Гимназии
гимназии-с-проживанием|500|Гимназии-интернаты
гипермаркеты|2380|Гипермаркеты
оборудование-для-горно-шахтных-работ|110|Горно-шахтное оборудование
городские-автогрузоперевозки|1000|Городские автогрузоперевозки
городские-информационные-сайты|370|Городские информационные сайты
городские-оркестры|30|Городские оркестры
госпитали|1860|Госпитали
комнаты-в-гостевом-доме|130|Гостевые дома
гостиничное-размещение|30|Гостиницы|Бронирование гостиниц
гостиницы-для-кошек-и-собак|50|Гостиницы для животных
государственные-архивы|8000|Государственные архивы
федеральные-информационные-ресурсы|80|Государственные информационные сайты
упаковка-из-гофрокартона|70|Гофротара
углеродные-и-композиционные-материалы|40|Графитированное производство
центры-дайвинга|120|Дайвинг-центры
средства-для-дезинфекции|30|Дезинфицирующие средства
дельфинарии|280|Дельфинарий
дендрарий|70|Дендрарий|Ботанический сад / Дендрарий
оборудование-для-деревообработки|100|Деревообрабатывающее оборудование
инструмент-для-деревообработки|50|Деревообрабатывающий инструмент
обработка-древесины|1520|Деревообработка
тара-из-древесины-и-продуктов-ее-переработки|250|Деревянная тара
частные-детективы|150|Детективные услуги
специальные-устройства-детекторы-лжи|100|Детекторы лжи
детская-мебель|4570|Детская мебель
обувь-для-детей|720|Детская обувь
одежда-для-детей|2680|Детская одежда
оздоровительные-лагеря|80|Детские лагеря
музыкальные-школы-для-детей|2000|Детские музыкальные школы
питание-для-детей|850|Детское питание
джинсовая-одежда|2640|Джинсовая одежда
центры-диагностических-исследований|3610|Диагностические центры
центры-почечного-диализа|1560|Диализные центры
услуги-интерьерного-дизайна|40|Дизайн интерьеров
рекламный-дизайн|500|Дизайн рекламы
курсы-для-дизайнеров|570|Дизайнерские курсы
услуги-рассылки|370|Директ-мэйл
диспансеры-лечебно-профилактические-учреждения|10|Диспансеры
диспетчерские-услуги|420|Диспетчерские службы
добыча-природного-сырья|30|Добыча природного сырья
социальные-организации-для-пенсионеров-дома-престарелых|3770|Дома престарелых
дома-ребёнка-дома-малютки|19000|Дома ребёнка
персонал-для-дома|30|Домашний персонал
еда-с-доставкой|440|Доставка готовых блюд
доставка-цветов|3480|Доставка цветов
продажа-древесного-угля|150|Древесный уголь
семинарии-и-духовные-образовательные-учреждения|90|Духовные учебные заведения
железнодорожные-билеты|790|Железнодорожные билеты
железнодорожные-вокзалы-и-станции|500|Железнодорожные вокзалы и станции
железнодорожные-грузоперевозки|1480|Железнодорожные грузоперевозки
изделия-из-железобетона|1680|Железобетонные изделия
женская-одежда|15070|Женская одежда
женские-консультации|1780|Женские консультации
разведение-животных|180|Животноводство
услуги-жкх|30|Жилищно-коммунальные услуги
строительство-домов|190|Жилищное строительство|Строительные работы: комплексные работы "под ключ"
журнальные-издательства|30|Журналы
загсы|2940|Загсы|ЗАГСы
автобусы-на-заказ|1350|Заказ автобусов
такси-для-перевозки-животных|730|Заказ легкового транспорта по перевозке животных
заказ-пассажирского-легкового-транспорта|370|Заказ пассажирского легкового транспорта
спецтехника-на-заказ|480|Заказ спецтехники
законодательная-власть|440|Законодательная власть
заправка-картриджей|40|Заправка картриджей
запчасти-для-общественного-транспорта|140|Запчасти для общественного транспорта
запчасти-для-спецтехники|660|Запчасти для спецтехники
запасные-части-для-водного-транспорта|80|Запчасти для судов
запчасти-для-сельхозтехнике|13630|Запчасти к сельхозтехнике
защита-авторских-прав|360|Защита авторских прав
звукоизоляционные-материалы|500|Звукоизоляционные материалы
рытье-траншей-котлованов|40|Земляные работы|Службы мелиорации земель
переработка-зерна|450|Зернопереработка
пошив-одежды-для-животных|110|Зооателье
зоопарки|2480|Зоопарк
изготовление-зубных-протезов|160|Зуботехнические лаборатории
детские-товары-игрушки|100|Игрушки
избирательные-комиссии-работа-с-электоратом|80|Избирательные комиссии|Избирательные участки
бизнес-сувениры|20|Изготовление бизнес-сувениров
изготовление-ключей|23130|Изготовление ключей
лекарства-на-заказ|360|Изготовление лекарственных препаратов на заказ
мебель-под-заказ|280|Изготовление мебели под заказ
рекламные-конструкции|10|Изготовление рекламных конструкций
фотокниги|150|Изготовление фотокниг
изделия-из-камня-для-помещений|100|Изделия из камня для помещений
стеклопластиковые-изделия|180|Изделия из стеклопластика
измерительное-оборудование|20|Измерительный инструмент
иконописные-мастерские|20|Иконописные мастерские
инвестиционные-компании|1000|Инвестиционные компании|Продажа инвестиционных драгоценных металлов / бриллиантов
услуги-инженеров|210|Инженерные службы
инжиниринговые-услуги|600|Инжиниринговые услуги
инспекции|3230|Инспекции
высшие-учебные-заведения-институты|2770|Институты
интернет-провайдеры|7820|Интернет-провайдеры
услуги-в-области-информационной-безопасности|150|Информационная безопасность
услуги-информационных-агентств|60|Информационные агентства
тюрьмы-исправительные-учреждения|940|Исправительные учреждения
залы-для-караоке|240|Караоке-залы
тенты-и-палатки|1440|Каркасно-тентовые конструкции
гардины-и-карнизы-для-штор|60|Карнизы
валютно-обменная-деятельность|470|Кассы обмена валют|Пункты обмена валют
кафе|32630|Кафе
бюро-поиска-квартир|200|Квартирные бюро
кейтеринг-доставка-еды|840|Кейтеринг
керамика-для-интерьера|20|Керамические изделия
продажа-керамогранита|20|Керамогранит
кинозалы-с-аттракционами|40|Киноаттракционы
аренда-и-продажа-кинооборудования|20|Кинооборудование – аренда, продажа
киностудии|50|Киностудии
кинотеатры|1550|Кинотеатры
школы-кино|20|Киношколы
продажа-кирпича|130|Кирпич
места-погребения-кладбища|20|Кладбища
книжные-издания|970|Книги|Комиксы
кованые-металлические-изделия|2360|Кованые изделия
коворкинг-центры|400|Коворкинг
ковры-для-интерьера|800|Ковры
колбасы-мясопродукты|5370|Колбасные изделия
средне-специальные-учебные-заведения-колледжи|16760|Колледжи
коллекторские-услуги|1530|Коллекторские услуги
фабрики-кухни|330|Комбинаты питания|Сухой паёк
комиссионные-магазины|84010|Комиссионные магазины
коммутационное-оборудование|180|Коммутационное оборудование
детали-для-дверей|770|Комплектующие для дверей
детали-для-окон|830|Комплектующие для окон
интернет-кафе-и-компьютерные-клубы|11080|Компьютерные клубы
курсы-обучения-работе-с-компьютером|20|Компьютерные курсы
магазины-кондитерских-изделий|30|Кондитерские изделия|Кондитерский инвентарь
оборудование-для-кондиционирования|60|Кондиционеры
консервы|1620|Консервированная продукция
технические-институты-и-конструкторские-бюро|50|Конструкторские бюро
металлические-грузовые-контейнеры|190|Контейнеры для грузоперевозок
контрактное-изготовление-электроники|30|Контрактная разработка электронных устройств
контрактные-автозапчасти|3370|Контрактные автозапчасти
оборудование-кипиа|120|Контрольно-измерительные приборы (кипиа)|Контрольно-измерительные приборы (КИПиА)
залы-для-концертных-программ|50|Концертные залы
услуги-копирования-и-распечатки|22320|Копировальные услуги
косметика-ручной-работы|430|Косметика ручной работы
услуги-косметолога|50|Косметические услуги|Услуги по уходу за ресницами / бровями
краски|130|Красящие вещества
организация-кремирования-крематории|10|Крематории
крепеж|30|Крепёжные изделия
материалы-для-кровли|60|Кровельные материалы
кровельные-работы|4260|Кровельные работы
ремонт-кузова|2370|Кузовной ремонт
кулинария|1960|Кулинария
кулинарные-курсы|660|Кулинарные курсы
организация-досуга-для-взрослых|1100|Культурно-досуговые центры для взрослых
вокальные-школы|860|Курсы вокала
курсы-для-диджеев|30|Курсы диджеев
реактивы-для-лабораторий|130|Лабораторные реактивы
лаки-краски|10|Лакокрасочные материалы
ландшафтная-архитектура|920|Ландшафтная архитектура
лекарственные-препараты|830|Лекарственные препараты
лечение-лор-заболеваний|2130|Лечение лор-заболеваний|Лечение ЛОР-заболеваний
лизинг|900|Лизинговые услуги
литейное-производство|970|Литейное производство
средние-учебные-заведения-лицеи|1040|Лицеи
оформление-лицензий|220|Лицензирование
ломбард|7970|Ломбарды
обувные-магазины|20|Магазины обувные|Унты|Обувные магазины
подарочные-сертификаты|280|Магазины подарочных сертификатов
разливное-пиво|5000|Магазины разливного пива
материалы-для-строительства|60|Магазины строительных материалов|Строительные материалы
магниты|60|Магниты
бакалея-и-макаронная-продукция|650|Макаронные изделия
малярное-оборудование|410|Малярный инструмент
стройматериалы-для-жд-путей|130|Материалы для железнодорожных путей
материалы-для-изготовления-рекламной-продукции|580|Материалы для наружной рекламы
продажа-матрасов|30|Матрасы
мебель-в-ванную|2200|Мебель для ванных комнат
мебель-для-учреждений-культуры|30|Мебель для культурно-досуговых учреждений
кухонная-мебель|130|Мебель для кухни
медицинская-лабораторная-мебель|30|Мебель для медицинских учреждений и лабораторий
мебель-для-кафе-ресторанов|60|Мебель для предприятий общественного питания
мебель-для-учебных-и-дошкольных-учреждений|2050|Мебель для учебных и дошкольных учреждений
стеклянная-мебель|40|Мебель из стекла
корпусная-мебель|120|Мебель корпусная|Корпусная мебель
мягкая-мебель|70|Мебель мягкая|Мягкая мебель
офисная-мебель|30|Мебель офисная|Офисная мебель
фурнитура-для-мебели|20|Мебельная фурнитура
ткани-для-обивки-мебели|59690|Мебельные ткани
фасады-для-мебели|1990|Мебельные фасады
медсанчасти|300|Медико-санитарные части|Медвытрезвители
проведение-медкомиссий|5560|Медицинские комиссии|Медицинские анализы
лаборатории-медицинские|10|Медицинские лаборатории
расзодные-материалы-для-медицины|280|Медицинские расходные материалы
междугородные-автогрузоперевозки|1810|Междугородные автогрузоперевозки
международные-грузоперевозки|550|Международные грузоперевозки
межкомнатные-двери|25290|Межкомнатные двери
учебные-комбинаты-для-школьников|10|Межшкольные учебные комбинаты
интерьерная-мебель-из-металла|260|Металлическая мебель для помещений
металлические-изделия|220|Металлоизделия
инструмент-для-металлообработки|10|Металлообрабатывающее оборудование
металлообработка|2640|Металлообработка
оборудование-для-резки-металла|10|Металлорежущий инструмент
метро|250|Метрополитен
мечети-и-медресе|1000|Мечети
миграционные-услуги|3870|Миграционные услуги
микрозаймы|20|Микрофинансирование
многопрофильные-медицинские-центры|5590|Многопрофильные медицинские центры|Центры здоровья
мобильные-телефоны|5620|Мобильные телефоны
модельные-агентства|6210|Модельные агентства
модернизация-компьютеров|60|Модернизация компьютеров
молоко-молочные-продукты|60|Молочные продукты
православные-монастыри|1020|Монастыри
установка-климатических-систем|40|Монтаж климатических систем
установка-компьютерных-сетей|130|Монтаж компьютерных сетей
установка-систем-пожарной-охраны|130|Монтаж охранно-пожарных систем
монтаж-телефонных-сетей|130|Монтаж телефонных сетей|Бюро ремонта городских АТС
морги|3300|Морги
киоски-по-продаже-мороженого|1340|Мороженое
мототехника|3210|Мототехника
мужская-одежда|8600|Мужская одежда
музеи|1040|Музеи
обучение-игре-на-музыкальных-инструментах|100|Музыкальные курсы
виниловые-пластинки|1440|Музыкальные пластинки
многофункциональные-центры-мфц|1640|Мфц|МФЦ
навигационное-оборудование|340|Навигационное оборудование
налоговые-инспекции|3520|Налоговые инспекции
насосы|20|Насосное оборудование
магазины-настольных-игр|60|Настольные игры|Клубы настольных игр / видеоигр
нии|1700|Научно-исследовательские институты
негосударственные-пенсионные-фонды|3380|Негосударственные пенсионные фонды
услуги-независимой-инвентаризации|110|Независимая инвентаризация
независимые-аварийные-комиссары|90|Независимые службы аварийных комиссаров|Службы аварийных комиссаров
скорая-помощь-детям|30|Неотложная медицинская помощь детям
нержавеющий-металлопрокат|4490|Нержавеющий металлопрокат
нетканые-материалы-для-интерьера|130|Нетканые материалы
оборудование-для-нефтегазовой-отрасли|220|Нефтегазовое оборудование
белье-пижамы|15730|Нижнее бельё
новогодние-товары|850|Новогодние товары
новостройки|11250|Новостройки
маникюр-и-педикюр|30|Ногтевые студии
продажа-ножей|600|Ножи
нотариальные-органы|30|Нотариальные палаты
нотариальные-услуги|3930|Нотариальные услуги
ночлежные-дома|40|Ночлежные дома
ночные-клубы|5380|Ночные клубы
материалы-для-облицовки-мебели|100|Облицовочные материалы для мебели
камень-для-облицовки|610|Облицовочный камень
обои|16170|Обои
продажа-оболочки-для-колбачных-изделий|20|Оболочка для колбасных изделий
техника-для-автоматизации-производств|250|Оборудование для автоматизации промышленных предприятий
техника-для-автоматизации-торговли|20|Оборудование для автоматизации торговли
автомоечное-оборудование|10|Оборудование для автомоек
техника-для-автосервиса|150|Оборудование для автосервиса
техника-для-автошкол|20|Оборудование для автошкол
техника-для-бассейнов|150|Оборудование для бассейнов
лабораторное-оборудование|660|Оборудование для лабораторий
полимерное-оборудование|40|Оборудование для нанесения полимерных покрытий
оборудование-для-очистки-воды|480|Оборудование для очистки воды
пищевое-оборудование|50|Оборудование для пищевого производства
техника-для-предприятий-общественного-питания|530|Оборудование для предприятий общественного питания
мебельное-оборудование|40|Оборудование для производства мебели
металлургическое-оборудование|40|Оборудование для производства металла
техника-для-производства-окон|10|Оборудование для производства окон
техника-для-производства-стройматериалов|50|Оборудование для производства строительных материалов
техника-для-промышленной-маркировки|20|Оборудование для промышленной маркировки
техника-для-салонов-красоты|360|Оборудование для салонов красоты
сельскохозяйственное-оборудование|20|Оборудование для сельского хозяйства
энергосберегающее-оборудование|20|Оборудование для энергосбережения
обсерватории-и-планетарии|50|Обсерватории
обслуживание-ям-и-септиков|30|Обслуживание выгребных ям
обувь-оптом|140|Обувь - опт
обучение-бизнес-профессиям|450|Обучение бизнес-профессиям
зарубежное-образование|120|Обучение за рубежом
курсы-имидж-консультантов-и-стилистов|20|Обучение имидж-консультантов
массажные-курсы|320|Обучение массажистов
маникюрные-и-парикмахерские-курсы|2060|Обучение мастеров для салонов красоты
изучение-морских-профессий|90|Обучение морским профессиям
подготовка-по-охране-труда|60|Обучение по охране труда
среднее-профессиональное-образование|20|Обучение рабочим профессиям
профессиональная-подготовка-охранников|10|Обучение сотрудников охраны
школы-подготовки-судоводителей|20|Обучение судовождению
танцевальные-школы|3190|Обучение танцам
курсы-фитнес-инструкторов|660|Обучение фитнес-инструкторов
аренда-комнат-общежития|50|Общежития
туалеты-для-общего-пользования|50|Общественные туалеты
огнезащитная-обработка|3050|Огнезащитная обработка
материалы-для-огнезащиты|40|Огнезащитные материалы
пластиковая-посуда|220|Одноразовая посуда
океанариум|650|Океанариум
окна|15310|Окна|Остекление / отделка балконов и лоджий
услуги-оперативной-полиграфии|60|Оперативная полиграфия
провайдеры-кабельного-телевидения|12290|Операторы кабельного телевидения
операторы-мобильной-связи|3360|Операторы сотовой связи
деятельность-на-фондовом-рынке|560|Операции на фондовом рынке
оптика-подбор-очков-проверка-зрения|27840|Оптика|Контактные линзы|Солнцезащитные очки
проведение-праздников|40|Организация и проведение праздников
проведение-промоакций|30|Организация и проведение промоушн-акций
организация-экскурсий-по-городу|480|Организация экскурсий по городу
надзорные-государственные-службы|510|Органы государственного надзора
техника-для-офиса|40|Оргтехника
ортопедия-и-травматология|3620|Ортопедия и травматология
общая-врачебная-практика|200|Отделения общей врачебной практики
отделения-полиции|3680|Отделения полиции
отделения-электросвязи|70|Отделения электросвязи
материалы-для-отделки-помещений|10|Отделочные материалы
ветеринарные-службы|10|Отделы ветеринарно-санитарного контроля
отделы-доставки-пенсий-и-пособий|880|Отделы доставки пенсий и пособий
бумага-для-оргтехники|50|Офисная бумага
офисные-атс|650|Офисные атс|Офисные АТС
оформление-виз|2100|Оформление виз
оформление-купли-продажи-автомобилей|15810|Оформление купли-продажи автомобилей
офсетная-печать|740|Офсетная печать
оценка-собственности|1740|Оценка собственности
оборудование-для-очистки-воздуха|120|Очистители воздуха
услуги-очищения-организма|120|Очищение организма
парикмахерские-салоны|330|Парикмахерские
парк-бабочек|150|Парк бабочек
парки|1700|Парки культуры и отдыха
патентование|180|Патентные услуги
патронажные-услуги|570|Патронажные услуги
пенсионные-фонды|5410|Пенсионные фонды
услуги-перевода-с-иностранных-языков|350|Перевод с иностранных языков
оптовая-продажа-пива|120|Пиво - опт
планетарии|420|Планетарий
пластиковая-тара|6110|Пластиковая тара
пластическая-хирургия|500|Пластическая хирургия
платежные-системы|30|Платёжные системы интернета
платежные-устройства-терминалы|350|Платёжные терминалы
пляж|30|Пляжи
пневмоинструмент|240|Пневмоинструмент
погонаж|60|Погонажные изделия
упаковка-для-подарков|20|Подарочная упаковка|Услуги по упаковке подарков
услуги-подводных-техников|60|Подводно-технические работы
подшипники|6930|Подшипники
пожарная-безопасность|2410|Пожарная безопасность
пожарная-охрана|2370|Пожарная охрана
полиграфия|80|Полиграфические услуги
поликлиники-для-взрослых|150|Поликлиники взрослые|Взрослые поликлиники
порошковое-полимерное-покрытие|1090|Полимерная порошковая окраска
политические-партии-и-организации|210|Политические организации
репетиторство|20|Помощь в обучении|Автоматизация процессов обучения
помощь-в-организации-похорон|1300|Помощь в организации похорон
приемная-депутата|6190|Приёмные депутатов
приёмные-уполномоченных-по-правам-человека|600|Приёмные уполномоченных по правам человека|Приёмные Уполномоченных по правам человека
церковные-приходы|190|Приходы
приюты-для-животных|17290|Приюты для животных
продажа-автобусов|90|Продажа автобусов
реализация-грузовых-автомобилей|540|Продажа грузовых автомобилей|Автоприцепы
живые-бабочки|290|Продажа живых бабочек
инфракрасные-кабины|30|Продажа инфракрасных кабин
реализация-легковых-автомобилей|3630|Продажа легковых автомобилей
лотерейные-билеты|3100|Продажа лотерейных билетов
металлоискатели|860|Продажа металлоискателей|Металлоискатели
продажа-программного-обеспечения|700|Продажа программного обеспечения
продажа-и-регистрация-электронной-подписи|80|Продажа электронных подписей
продуктовые-магазины|14370|Продовольственные магазины
продукты-быстрого-приготовления|660|Продукты быстрого приготовления
мед-пчеловодческая-продукция|2700|Продукты пчеловодства
разработка-инженерных-систем|20|Проектирование инженерных систем
проекторы|20|Проекционное оборудование
изготовление-запчастей-для-авто|150|Производство автокомплектующих
выпуск-изделий-из-пластмасс|40|Производство изделий из пластмасс
выпуск-обувной-продукции|60|Производство обуви
печать-пластиковых-карт|40|Производство пластиковых карт
прокат-автотранспорта|670|Прокат автотранспорта
прокуратура|8510|Прокуратура
услуги-промышленного-строительства|2310|Промышленное строительство
услуги-промышленного-дизайна|10|Промышленный дизайн
клининговые-услуги|70|Профессиональная уборка
химия-профессиональная|100|Профессиональная химия
средне-специальные-учебные-заведения-профессиональные-лицеи|620|Профессиональные лицеи
спортивные-клубы-для-профессионалов|200|Профессиональные спортивные клубы
центры-обработки-расчетов|50|Процессинговые центры
пряжа-и-товары-для-вязания|20|Пряжа
психиатрические-центры|20|Психиатрические учреждения
психологическая-помощь-в-избавлении-от-зависимостей|340|Психологическая помощь в избавлении от зависимостей
проведение-психолого-медико-педагогических-комиссий|280|Психолого-медико-педагогические комиссии
контроль-уровня-радиации|120|Радиационный контроль
радиокомпании|130|Радиостанции
радиоэлектроника|2930|Радиоэлектронные приборы
наружная-реклама|50|Размещение наружной рекламы
реклама-в-интернете|140|Размещение рекламы в интернете
реклама-в-сми|10|Размещение рекламы в сми|Размещение рекламы в СМИ
разработка-компьютерных-игр|40|Разработка компьютерных игр
расходные-материалы-для-оргтехники|800|Расходные материалы для оргтехники
расходники-для-печати-и-полиграфии|220|Расходные материалы для полиграфии
реабилитационные-центры|6740|Реабилитационные центры
регистрация-ценных-бумаг|800|Регистрация ценных бумаг|Ведение реестра владельцев ценных бумаг
резинотехнические-изделия|2050|Резинотехнические изделия
рекламные-агентства-полного-цикла|890|Рекламные агентства полного цикла
капитальный-ремонт-и-реконструкция|2320|Реконструкция и капремонт зданий
организации-религиозной-сферы|10|Религиозные организации
товары-для-богослужений|320|Религиозные товары
ремонт-автоэлектрики|17410|Ремонт автоэлектрики
обслуживание-двигателей-на-бензине|60|Ремонт бензиновых двигателей
ремонт-бензоинструмента|8610|Ремонт бензоинструмента
услуги-ремонта-выхлопных-систем|290|Ремонт выхлопных систем
ремонт-грузовых-автомобилей|3750|Ремонт грузовых автомобилей
ремонт-товаров-для-детей|60|Ремонт детских товаров
обслуживание-двигателей-на-дизеле|30|Ремонт дизельных двигателей
компьютерный-сервис|1280|Ремонт компьютеров
ремонт-мобильных-устройств-связи|3440|Ремонт мобильных устройств связи|Запчасти к мобильным телефонам
ремонт-мотоциклов|30|Ремонт мототехники
ремонт-окон|3800|Ремонт окон
оргтехника|340|Ремонт оргтехники
ремонт-очков|9920|Ремонт очков
обслуживание-промышленного-оборудования|140|Ремонт промышленного оборудования
обслуживание-спецтехники|370|Ремонт спецтехники
ремонт-спортивных-товаров|50|Ремонт спортивного инвентаря|Ремонт спортивного оборудования
ремонт-топливной-аппаратуры-дизельных-двигателей|2190|Ремонт топливной аппаратуры дизельных двигателей
обслуживание-торгового-оборудования|100|Ремонт торгового оборудования
ремонт-ходовой|30|Ремонт ходовой части автомобиля
ремонт-часов|15230|Ремонт часов
ремонт-электродвигателей|12320|Ремонт электродвигателей
обслуживание-электроинструмента|510|Ремонт электроинструмента
ремонт-электронных-систем-управления-автомобиля|320|Ремонт электронных систем управления автомобиля
репетиционные-студии|90|Репетиционные студии
услуги-реставрации-ванн|280|Реставрация ванн
восстановление-исторических-и-культурных-памятников|20|Реставрация памятников истории и культуры
рестораны|5690|Рестораны
речной-вокзал|280|Речной вокзал
ритуальные-услуги-для-животных|300|Ритуальные услуги для животных
роддома|1130|Родильные дома
принадлежности-для-рыбалки|70|Рыболовные принадлежности|Товары для рыбалки
рынки|9080|Рынки
садово-огороднические-товарищества|470|Садоводческие товарищества
сайты-объявлений|110|Сайты объявлений
фейерверки|60|Салюты
санитарно-эпидемиологический-надзор|980|Санитарно-эпидемиологический надзор
свадебные-товары|230|Свадебные товары
сваебойные-работы|880|Свайные работы
оборудование-для-сварочных-работ|750|Сварочное оборудование
сварочные-материалы|1270|Сварочные материалы
услуги-сварщиков|3900|Сварочные работы
световая-реклама|460|Световая реклама
светотехника|3290|Светотехника|Подвеска / Подсветка для картин
продажа-сейфов|750|Сейфы
секонд-хенд|16320|Секонд-хенд
обслуживание-бассейнов-и-водоемов|80|Сервисное обслуживание бассейнов
обслуживание-добывающих-производств|1550|Сервисное обслуживание нефтегазодобывающих компаний|Ликвидация нефтеразливов / газонефтеводопроявлений
серийное-производство-мебели|2140|Серийное производство мебели
получение-сертификатов|360|Сертификация
оборудование-для-сетей|60|Сетевое оборудование
синагоги|210|Синагога
охранные-системы|450|Системы безопасности и охраны
системы-водоотведения|180|Системы водоотведения
системы-денежных-переводов|40|Системы денежных переводов
системы-мониторинга-транспорта|150|Системы мониторинга транспорта
продажа-систем-перегородок|180|Системы перегородок
скорая-помощь-неотложная-служба|2960|Скорая медицинская помощь
следственный-комитет|8390|Следственный комитет
продажа-слесарно-монтажного-инструмента|1100|Слесарно-монтажный инструмент
биржа-труда-и-службы-занятости-населения|7340|Службы занятости населения
службы-знакомств|2940|Службы знакомств
службы-судебных-приставов|1530|Службы судебных приставов
туристическиое-снаряжение|40|Снаряжение для туризма и отдыха
снеки|80|Снэковая продукция
услуги-по-согласованию-наружной-рекламы|60|Согласование наружной рекламы
услуги-по-согласованию-перепланировок|380|Согласование перепланировок
сорбенты|20|Сорбенты
социальные-службы|11950|Социальные службы
специализированное-автооборудование|410|Специализированное автооборудование
оценка-условий-труда|4670|Специальная оценка условий труда
специальная-обувь|20|Спецобувь
шахматные-клубы|190|Спортивно-интеллектуальные клубы
товары-спортивно-наградного-профиля|90|Спортивно-наградная продукция
спортивно-тактические-клубы|400|Спортивно-тактические клубы
услуги-спортивно-технических-клубов|20|Спортивно-технические клубы
оборудование-для-занятий-спортом|320|Спортивное оборудование
спортивное-питание|4420|Спортивное питание
секции-для-занятий-спортом|120|Спортивные секции
школы-по-видам-спорта|50|Спортивные школы
магазины-спортивного-инвентаря|160|Спортивный инвентарь
городские-справочники|510|Справочники
справочно-информационные-услуги-справка|300|Справочно-информационные услуги
средства-спутниковой-связи|40|Спутниковая связь
средства-гигиены|620|Средства гигиены
средства-борьбы-с-вредителями|30|Средства защиты от вредителей
продажа-средств-радиосвязи|250|Средства радиосвязи
стадион|1160|Стадионы
переливание-крови|1050|Станции переливания крови
листы-стекломагнезитовые|20|Стекломагнезитовые листы
тара-из-стекла|60|Стеклянная тара
панели-для-отделки-стен|750|Стеновые панели
столовые-и-пункты-общественного-питания|4130|Столовые
стоматология|10|Стоматологические поликлиники
центры-стоматологии|90|Стоматологические центры
услуги-страхования|5900|Страхование
тиры-и-стрелковые-клубы|16800|Стрелковые клубы
блоки-для-строительства|70|Строительные блоки
услуги-строительства-административных-зданий|1880|Строительство административных зданий
гаражное-строительство|160|Строительство гаражей
возведение-сооружений-сельскохозяйственного-назначения|50|Строительство сооружений сельскохозяйственного назначения
солярии-и-студии-загара|10330|Студии загара
звукозаписывающие-студии|520|Студии звукозаписи
букеты-из-мягких-игрушек|280|Сувенирные букеты|Сувенирные композиции
судмедэксперты|5470|Судебная экспертиза
суды|7610|Суды
продуктовые-супермаркеты|11610|Супермаркеты
сухие-смеси-для-строительства|1710|Сухие строительные смеси
сыр|3380|Сыры
сырье-для-фармацевтической-промышленности|30|Сырьё для лекарственных средств
сырьевая-продукция-для-пищевого-производства|50|Сырьё для пищевой промышленности
продажа-сэндвич-панелей|10|Сэндвич-панели
такелажные-услуги|80|Такелажные работы
таксидермия|180|Таксидермические студии
таможенное-оформление|610|Таможенное оформление
таможенные-органы|820|Таможня
тампопечать|200|Тампопечать
салоны-татуировки|10|Тату-салоны
творческие-объединения|20|Творческие коллективы
курсы-актерского-мастерства|100|Театральные курсы
театры-актерские-мастерские|30|Театры
телефизионные-каналы|40|Телеканалы
телефоны-доверия-помощь-психолога|310|Телефоны доверия
материалы-для-теплоизоляции|1610|Теплоизоляционные материалы
теплоизоляционные-работы|540|Теплоизоляционные работы
термопечать|530|Термопечать|Термотрансфер
средне-специальные-учебные-заведения-техникумы|10|Техникумы
экспертиза-зданий-и-сооружений|300|Техническая экспертиза зданий и сооружений
техосмотр|190|Технический осмотр транспорта
техобслуживание-теплоэнергосетей|400|Техобслуживание теплоэнергосетей
тренинги-и-услуги-тимбилдинга|40|Тимбилдинг
магазины-тканей|30|Ткани
оборудование-для-аэрографии|30|Товары для аэрографии|Аэрография / Обучение аэрографии
оборудование-для-конного-спорта|130|Товары для конного спорта
товары-для-новорождённых|7040|Товары для новорождённых
товары-для-дайвинга-и-плавания|170|Товары для подводного плавания
пчеловодческое-оборудование|100|Товары для пчеловодства
товары-для-творчества-и-рукоделия|17730|Товары для творчества и рукоделия
оборудование-и-товары-для-фокусов|60|Товары для фокусов
тонирование-автостёкол|13080|Тонирование автостёкол
продажа-топливных-карт|370|Топливные карты
оборудование-для-торговли-и-выставок|360|Торгово-выставочное оборудование
травмпункты|1730|Травмпункты
депо-трамвайные|660|Трамвайные депо
залы-для-занятий-спортом|20|Тренажёрные залы
трикотаж|30|Трикотажные изделия
продажа-тротуарной-плитки|70|Тротуарная плитка
турагентства|260|Туристические агентства
туристические-операторы|30|Туроператоры
улучшение-характеристик-авто|120|Тюнинг|Ремонт / тюнинг мототехники
уголь|8880|Уголь
материалы-для-грядок|180|Укрывной материал
высшие-учебные-заведения-университеты|2820|Университеты
материалы-для-упаковки|20|Упаковочные материалы
управление-го-и-чс-устранение-чрезвычайных-ситуаций|580|Управление го и чс|Управление ГО и ЧС|Помощь в разработке документов по ГО и ЧС
управленческий-консалтинг|270|Управленческий консалтинг
распиловка|400|Услуга распиловки
авторазбор-бу-запчасти|40|Услуги авторазбора
визаж-услуги-визажиста|30|Услуги визажиста
водители-без-автомобиля|20|Услуги водителя без автомобиля
врач-гомеопат|6210|Услуги врача-гомеопата
услуги-вышивки|2840|Услуги вышивки
гастроэнтеролог|4660|Услуги гастроэнтеролога
гинеколог|50|Услуги гинеколога
гравировка|60|Услуги гравировки
грузчики|140|Услуги грузчиков
дерматовенеролог|3680|Услуги дерматовенеролога
детские-врачи-педиатры|10|Услуги детских специалистов
имидж-консультации|80|Услуги имидж-консультанта
инкассация|70|Услуги инкассации
кардиолог|6510|Услуги кардиолога
логопед|10540|Услуги логопеда
маммолог|6740|Услуги маммолога
массаж|790|Услуги массажиста
невролог|12110|Услуги невролога
консультации-и-услуги-нефролога|60|Услуги нефролога
онколог|1210|Услуги онколога
охрана|2730|Услуги охраны
уход-за-животными|490|Услуги по уходу за животными
оформление-праздников|180|Услуги праздничного оформления
продюсирование|20|Услуги продюсирования
проктолог|4350|Услуги проктолога
психолог|100|Услуги психолога
психотерапевтические-услуги|20|Услуги психотерапевта|Услуги психиатра
пульмонолог|2370|Услуги пульмонолога|Услуги фтизиатра
боди-арт|10|Услуги росписи по телу
консультации-и-услуги-сексолога|10|Услуги сексолога
системное-администрирование|10|Услуги системного администрирования
хранение-грузов-на-складе|710|Услуги складского хранения|Склады индивидуального хранения
сурдоперевод|130|Услуги сурдопереводчиков
телефонная-связь|2590|Услуги телефонной связи
трихолог|10|Услуги трихолога
факторинг|100|Услуги факторинга
флеболог|20|Услуги флеболога
консультации-и-услуги-хирурга|180|Услуги хирурга
эндокринолог|4350|Услуги эндокринолога
участковые-полицейские-пункты|15550|Участковые пункты полиции|Участковые пункты милиции|Отделения милиции
учебная-книга|520|Учебная литература
средне-специальные-учебные-заведения-училища|50|Училища
фасадные-работы|1420|Фасадные работы
фасовочное-оборудование|210|Фасовочно-упаковочное оборудование
оптовая-продажа-фастфуда|50|Фастфудная продукция - опт
федеральные-казначейства|250|Федеральные казначейства|Казначейства
органы-уфмс|4260|Федеральные миграционные службы|Государственные миграционные службы
федеральные-службы|5390|Федеральные службы|Государственные службы
профильные-федерации-спорта|490|Федерации спорта
фельдшерско-акушерские-пункты-фапы|80|Фельдшерско-акушерские пункты
филармонии|10|Филармония
финансовый-консалтинг|2110|Финансовый консалтинг
клубы-для-занятий-фитнесом|150|Фитнес-клубы
продукция-для-фитотерапии|1040|Фитопродукция
услуги-флексопечати|180|Флексопечать
фонд-омс|30|Фонд обязательного медицинского страхования
социальное-страхование-граждан|100|Фонды социального страхования
фото-на-документы|10510|Фото на документы
студии-фотографии|2230|Фотостудии
товары-для-фотографов-фототовары|1500|Фототовары
фотоцентры|1710|Фотоцентры
школы-фотографии|70|Фотошколы
хлеб-и-выпечка|9860|Хлебобулочные изделия
хозтовары|40|Хозяйственные товары
рефрижераторы-холодильное-оборудование|2630|Холодильное оборудование
хоры|30|Хоровые капеллы
хосписы|20|Хоспис
размещение-в-хостелах|20|Хостелы
услуги-хостинга|250|Хостинг
сезонное-хранение-шин|730|Хранение шин
мастерские-художников|10|Художественные мастерские
продажа-цветного-металлопроката|530|Цветной металлопрокат
цветы|18640|Цветы
продажа-цемента|2480|Цемент
альтернативная-медицина|50|Центры альтернативной медицины
центры-борьбы-со-спидом|820|Центры борьбы со спидом|Центры борьбы со СПИДом
йога-центры|20|Центры йоги
услуги-планирования-семьи|120|Центры планирования семьи
курсы-повышения-водительного-мастерства|10|Центры повышения водительского мастерства
регистрация-граждан|1670|Центры регистрации граждан|ОВиРУГ
цирк-и-развлечения|40|Цирк
православные-часовни|40|Часовни
часы|1430|Часы|Часы / Аксессуары
продажа-черного-металлопроката|20|Чёрный металлопрокат
носки-и-колготки|30|Чулочно-носочные изделия
фурнитура-для-шитья|840|Швейная фурнитура
оборудование-для-швейных-производств|1070|Швейное оборудование
услуги-шелкографии|450|Шелкография
шиномонтаж|7710|Шиномонтаж
общеобразовательные-школы|13970|Школы
курсы-для-беременных|200|Школы для будущих мам|Услуги ведения беременности
центры-изучения-иностранных-языков|20|Школы иностранных языков|Языковые школы
детские-школы-искусств|40|Школы искусств
школы-интернаты|1180|Школы-интернаты
штрафстоянки-для-авто|1290|Штрафстоянки
эвакуация-автомобилей|450|Эвакуация автомобилей
продажа-эзотерических-товаров|420|Эзотерические товары
экологическая-оценка|260|Экологическая оценка
экологические-работы|80|Экологические работы
авиационная-экспертиза|100|Экспертиза авиационных происшествий
фармацевтическая-эспертиза|30|Экспертиза лекарственных средств
оценка-безопасности-на-производстве|50|Экспертиза промышленной безопасности
проверка-продуктов-и-промышленных-товаров|20|Экспертиза товаров народного потребления
услуги-экспресс-доставки|1690|Экспресс-почта
электроизмерительные-работы|170|Электроизмерительные работы
продажа-электроинструмента|4050|Электроинструмент
услуги-по-электромонтажу|30|Электромонтажные работы
электронагревательное-оборудование|150|Электронагревательное оборудование
детали-для-электроники|30|Электронные компоненты
электротехническая-продукция|3670|Электротехническая продукция
электроустановочная-продукция|660|Электроустановочная продукция
аккумуляторные-элементы|50|Элементы питания
энергоаудит|1020|Энергоаудит
секс-шопы-и-эротические-товары|7090|Эротические товары
ювелирные-изделия|5150|Ювелирные изделия|Украшения для пирсинга
магазины-ювелирных-камней|580|Ювелирные камни
юридическое-обслуживание|6060|Юридическое обслуживание
продажа-яиц|2780|Яйцо
клубы-яхтенного-спорта|50|Яхт-клубы
контактные-центры|390|Call-центры
размещение-indoor-рекламы|10|Indoor-реклама (реклама в помещениях)
ip-телефония|500|Ip-телефония|IP-телефония
spa-процедуры|820|Spa-процедуры|SPA-процедуры|Термальные процедуры
образование-курсы-саморазвитие|1730|Организации природоохраны|Обучение косметологов|Образование / Работа / Карьера|Сюрвейерские услуги|Медресе|Лицеи-интернаты|Крюинговые агентства|Курсы груминга|Курсы сомелье|Обучение трейдингу на финансовых рынках|Подготовка / Тестирование иностранных граждан по русскому языку|Центры квотирования рабочих мест
промышленное-оборудование-техника-и-инструмент|80|Почтообрабатывающее оборудование|Оборудование / Инструмент|Аренда беседок|Аренда ж/д тупика|Промышленные трубы / элементы трубопровода|Бетоносмесительные установки|Лазерная резка|Плоттерная резка|Поверка / калибровка измерительных приборов|Продажа курительных кабин|Стеклообрабатывающее оборудование|Услуги фрезеровки|Чердачные лестницы|Защитные кейсы
авиатехника-и-авиаоборудование|60|Авиатехника / Авиаоборудование
автовокзал|450|Автовокзалы / Автостанции
автозвук-продажа-и-установка|4350|Автозвук
постаматы-и-терминалы-получения-посылок|1150|Автоматизированные почтовые терминалы / Постаматы
автоматические-ворота-двери|940|Автоматические ворота / двери
авторазборы-продажа-бу-запчастей|11150|Услуги авторазбора
автосигнализации-продажа-и-установка|11580|Автосигнализации - продажа / установка|Автосигнализации
автохимия-и-масла|3550|Автохимия / Масла|Масла / химия для водно-спортивного транспорта / техники
автошины-диски-и-резина|15840|Шины / Диски
администрации-районов-города|170|Администрации районов / округов городской власти
администрации-районов-области|80|Администрации районов / округов региональной власти
областная-и-краевая-администрация|1560|Администрация области / края
аквапарки-водные-аттракционы|390|Аквапарки / Водные аттракционы
алмазное-бурение-и-резка|340|Алмазное бурение / резка|Алмазное бурение, резка
ароматерапия-и-ароматовары|20|Аромамаркетинг
ателье-меховые-кожаные|3450|Ателье меховые / кожаные
продажа-аудио-и-видеотехники|1120|Аудио- / видеотехника
общественные-бани-и-сауны|150|Бани / Сауны
бензиновое-и-дизельное-оборудование|90|Бензиновое / дизельное оборудование
строительные-растворы-бетон|40|Бетон / Раствор
семинары-и-тренинги|10|Бизнес-тренинги / семинары
букмекерские-конторы-и-лотереи|1020|Букмекерские конторы / Лотереи
быстровозводимые-здания-сооружения|800|Быстровозводимые здания / сооружения
бюро-технической-инвентаризации-бти|4320|Независимая инвентаризация
вентиляционная-техника|120|Вентиляционное / тепловое оборудование
вентиляционное-и-тепловое-оборудование|400|Вентиляционное / тепловое оборудование
продажа-и-аренда-водно-спортивного-транспорта|80|Водно-спортивный транспорт / техника
учетно-призывные-органы-и-военкоматы|1580|Военная комендатура
уборка-мусора-и-снега|1400|Вывоз мусора / снега|Вывоз мусора, снега
услуги-галотерапевта|20|Соляные комнаты
клеевая-продуция-и-герметики|290|Герметики / Клеи|Гидроизоляционные материалы
гидравлический-инструмент|10|Гидравлическое оборудование / инструмент
гипсокартонные-листы-и-комплектующие|60|Гипсокартон / Комплектующие
гирудотерапия|6760|Услуги гирудотерапевта
шапки-и-шляпы|7330|Головные / шейные уборы
органы-райпо-и-горпо|10|ГОРПО / РАЙПО
электростанции-и-электроцентрали|360|ГРЭС / КЭС / ТЭЦ
дезинфекция-дезинсекция-и-дератизация|2650|Дезинфекция / Дератизация / Дезинсекция
покрытия-и-элементы-для-декора|40|Декоративные элементы / покрытия|Декоративные элементы, покрытия
обувь-и-одежда-для-детей|40|Детская одежда
социальные-организации-для-детей-детские-дома-и-приюты|890|Детские дома / Приюты
детские-центры-игровые-залы|1770|Детские игровые залы / Игротеки
игротеки-для-детей|80|Детские игровые залы / Игротеки
детские-образовательные-учреждения|70|Детские сады / Ясли
клубы-детского-творчества|40|Детские / подростковые клубы
оборудование-и-аксессуары-для-игр|460|Детское игровое оборудование / Аксессуары
продукты-для-диетического-питания|50|Диетические / соевые продукты
районные-дома-культуры|90|Дома / дворцы культуры
продажа-фанеры-двп-дсп|10|ДСП / ДВП / Фанера
рулонные-шторы-жалюзи-и-рольставни|18990|Жалюзи / Рольставни
оборудование-и-техника-для-железнодорожного-транспорта|110|Железнодорожное оборудование / техника
упаковка-для-пищевой-промышленности-из-жести|40|Металлическая / жестяная тара
масло-и-жиры|690|Жир / Маслопродукты
жилищно-коммунальное-хозяйство|20|Жилищно-коммунальные услуги
ограждения-и-заборы|3240|Заборы / Ограждения
заказ-продовольственных-и-хозяйственных-товаров-на-дом|40|Заказ продовольственных / хозяйственных товаров на дом
строительная-техника-на-заказ|420|Заказ спецтехники
замки-скобяные-изделия|2340|Замки / Скобяные изделия
запчасти-для-спецавтотехники|550|Запчасти для спецтехники
запасные-части-и-расходники-для-бытовой-техники|1490|Запчасти / аксессуары для бытовой техники
услуги-заточки-и-шлифовки-режущего-инструмента|490|Заточка / шлифовка режущих инструментов
звуковое-световое-и-видеооборудование|20|Звуковое / световое / видеооборудование
земельно-кадастровые-услуги|50|Кадастровые работы / Техническая инвентаризация, учет
продажа-зерна-и-отходов-зерна|5460|Зерно / Зерноотходы
товары-для-животных|20|Зоотовары / Домашние питомцы|Зоотовары
товары-для-домашних-питомцев|20|Зоотовары / Домашние питомцы
игорное-оборудование-и-аксессуары|40|Игорное оборудование / Аксессуары
макеты-прототипы|20|Изготовление макетов / Прототипирование
изготовление-автономеров|3280|Номерные знаки на транспортные средства
печати-и-штампы|70|Изготовление печатей / штампов
витражи-и-мозаика|290|Изготовление художественных витражей / мозаики|Изготовление витражей / мозаики
парики|1560|Изготовление / продажа париков
изготовление-и-продажа-теплиц|12970|Изготовление / продажа теплиц
изоляторы-временного-содержания|4750|Изоляторы временного содержания / Спецприёмники
суши-все-для-блюд-японской-кухни|3400|Ингредиенты / готовая продукция японской кухни
лестницы-и-ограждения-для-интерьера|880|Интерьерные лестницы / Ограждения
оформление-ипотеки|130|Ипотечное / жилищное кредитование
кредиты-на-жилье|90|Ипотечное / жилищное кредитование
кабельная-продукция|60|Кабель / Провод
кадетские-школы-корпуса|320|Кадетские школы / корпуса
кадровые-рекрутинговые-агентства|2450|Кадровые / рекрутинговые агентства|Рекрутинговые агентства
листовая-печатная-продукция|90|Календари / Открытки
канцелярия|120|Канцелярские / офисные / учебные принадлежности
кофейни-и-кондитерские|1260|Кафе-кондитерские / Кофейни|Чайные клубы
кафе-и-рестораны-быстрого-питания|2740|Кафе / рестораны быстрого питания
кафельная-и-керамическая-плитка|12250|Керамическая плитка / Кафель
киоски-по-продаже-периодики|30|Киоски / магазины по продаже печатной продукции
продажа-фастфуда|510|Киоски / магазины фастфудной продукции
продажа-кирпича-шлакоблоков-бетоноблоков|10|Кирпич
кассовое-оборудование-и-расходники|2390|Контрольно-кассовая техника / Расходные материалы
оборудование-для-клининга|1270|Клининговое оборудование / инвентарь
питомники-и-клубы-домашних-животных|10|Клубы домашних животных / Питомники|Клубы домашних животных, питомники
продажа-кормов-для-животных|140|Комбикорм / Кормовые добавки
компрессоры|110|Пневматическое / компрессорное оборудование
компьютерная-бытовая-техника-оргтехника|20|Компьютеры / Бытовая техника / Офисная техника
компьютеры-и-комплектующие|3510|Компьютеры / Комплектующие
конный-спорт|20|Конные клубы / Ипподромы|Конные клубы, ипподромы
аренда-конференц-залов-и-переговорных|520|Конференц-залы / Переговорные комнаты
услуги-коррекции-веса|10|Центры диетологии / нутрициологии
услуги-коррекции-зрения|90|Офтальмологическая хирургия|Услуги офтальмолога
косметика-и-парфюмерия|11450|Косметика / Парфюмерия
косметика-для-профессионального-использования-расходные-материалы|70|Косметика / расходные материалы для салонов красоты
оборудование-для-котельных|30|Котельное оборудование / Котлы
организация-круизов|210|Круизы / Морские, речные прогулки
панели-мдф-двпо-лдсп|12960|ЛДСП / ДВПО / МДФ
катки-и-ледовые-дворцы-спорта|2160|Ледовые дворцы / Катки
лечение-зависимостей|1380|Медицинское лечение зависимостей
семинары-и-курсы-личностного-роста|660|Личностные тренинги / семинары
лыжные-базы-и-горнолыжные-комплексы|660|Лыжные базы / Горнолыжные комплексы
магазины-товаров-для-отделки|40|Отделочные материалы
магазины-стройматериалов|10|Строительные материалы|Магазины строительных материалов
услуги-мануального-терапевта|10|Центры мануальной терапии
услуги-маркетинговых-и-социологических-исследований|320|Маркетинговые / социологические исследования|Маркетинговые, социологические исследования
оборудование-для-массажа|560|Массажное оборудование / приборы
мелкий-ремонт-одежды-ателье|20|Мастерские / киоски по ремонту одежды
сырье-для-производства-обуви|550|Материалы для производства / ремонта обуви
продажа-медицинских-приборов|60|Медицинские приборы / аппараты
медицинское-оборудование-инструмент|2510|Медицинское оборудование / инструмент
пассажирские-перевозки-на-дальние-расстояния|130|Междугородные / Международные пассажирские перевозки
строительные-металлоконструкции|20|Металлоконструкции для строительства зданий / сооружений
продажа-металлов-сплавов|70|Металлы / Сплавы
сырье-для-кожевенной-и-меховой-промышленности|220|Меховое / кожаное сырьё
одежда-из-кожи-и-меха|260|Меха / Дублёнки / Кожа
монтаж-и-обслуживание-внутренних-интежерных-систем|120|Строительство / обслуживание наружных систем отопления / водоснабжения / канализации
установка-инженерных-систем|10|Строительство / обслуживание наружных систем отопления / водоснабжения / канализации
установка-и-обслуживание-антенного-оборудования|480|Монтаж / обслуживание антенного оборудования
морские-и-речные-грузоперевозки|760|Морские / речные грузоперевозки|Морские, речные грузоперевозки
продажа-музыкальных-инструментов-и-аксессуаров|1020|Музыкальные инструменты / Аксессуары
крупы-и-мука|1840|Мука / Крупы
птица-и-полуфабрикаты|2620|Мясо / Полуфабрикаты
мясо-и-мясная-продукция|14070|Мясо птицы / Полуфабрикаты
продажа-надувной-мебели-и-бассейнов|270|Надувная мебель / бассейны|Надувные конструкции / фигуры
напольные-покрытия-комплектующие|2210|Напольные покрытия / Комплектующие|Напольные покрытия, комплектующие
прогимназии-и-школы-раннего-развития|30|Начальные школы-детские сады / Прогимназии
добывающие-корпорации|140|Нефте- / газодобывающие компании
газ-нефтепродукция-гсм|510|Нефтепродукты / ГСМ / Газ
ювелирный-инструмент|1340|Оборудование / инструмент для ювелирного производства
ассенизационные-услуги|60|Обслуживание выгребных ям
косметика-и-аксессуары-для-обуви|50|Обувная косметика / Аксессуары
фрукты-сухофрукты-и-овощи|3740|Овощи / Фрукты|Ягоды / Грибы
огнеупорная-продукция|20|Огнеупорные материалы / изделия
одежда-для-будущих-мам|10|Товары для беременных / Товары для кормящих мам
производство-и-продажа-одежды-и-обуви|110|Одежда / Обувь|Пуховые изделия|Школьная форма
танцевальная-обувь-одежда|20|Одежда / обувь для танцев
омвд-умвд-гумвд-мвд|3590|ОМВД / УМВД / ГУМВД / МВД
профориентационные-услуги|10|Личностные тренинги / семинары|Организации по профориентации
активные-туры|120|Туроператоры / агентства внутреннего туризма|Организация активных туров
заказ-театральных-и-концентрых-мероприятий|90|Организация театральных / концертных мероприятий
проведение-электронных-аукционов|80|Организация электронных торгов / аукционов
оргстекло-поликарбонат|21810|Оргстекло / Поликарбонат
семечки-и-орехи|610|Орехи / Семечки
услуги-по-остеклению-лоджий-и-балконов|10|Остекление балконов / лоджий
пакетно-пленочная-продукция|840|Пакеты / Плёнки|Пакеты, плёнки
принадлежности-для-погребения-памятники|20|Памятники / Ритуальные принадлежности
транспортные-организации|70|Пассажирские авто- / электротранспортные предприятия|Электрические транспортные средства
пассажирские-автотранспортные-предприятия-патп|3560|Пассажирские транспортные предприятия
песок-щебень|13860|Песок / Щебень
камины-и-печи|3230|Печи / Камины
продажа-пиломатериалов-и-леса|1030|Пиломатериалы / Лесоматериалы
мебель-из-ротанга-и-лозы|720|Плетёная мебель / изделия
компрессоры-и-пневмооборудование|20|Пневматическое / компрессорное оборудование
постельное-белье-домашний-текстиль|50|Текстиль / Предметы интерьера|Постельные принадлежности, текстиль для дома
правительство|1860|Администрация города / городского округа|Правительство
стирка-белья-прачечная|20|Химчистки одежды / текстиля|Прачечные
прием-драгоценных-металлов|130|Приём / переработка драгоценных металлов
переработка-металла|320|Приём / переработка металлолома
прием-металлолома|30|Приём / переработка металлолома
билеты-на-развлекательные-мероприятия|150|Продажа билетов на спортивные / культурно-развлекательные мероприятия
продажа-готового-бизнеса-франшиз|160|Продажа готового бизнеса / франшиз
продажа-земли-и-частных-домов|160|Продажа земельных участков / малоэтажных домов
кулеры-для-воды|180|Продажа / обслуживание кулеров для воды
дисконтные-карты-купоны|170|Продажа купонов со скидками / Дисконтные системы
платежные-терминалы-и-информационные-киоски|70|Продажа платёжных терминалов / информационных киосков
проездные-билеты-и-транспортные-карты|780|Проездные билеты / Транспортные карты
продажа-электронных-цифровых-подписей|230|Продажа электронных подписей
недвижимость-за-рубежом|40|Продажа / аренда недвижимости за рубежом
биотуалеты|320|Продажа / аренда / обслуживание биотуалетов
кофемашины|40|Продажа / аренда / ремонт кофемашин
потолки|90|Продажа / монтаж потолков|Продажа, монтаж потолков
мусоропроводы-продажа-и-обслуживание|20|Продажа / обслуживание мусоропроводов
лифты-и-подъемно-пассажирские-устройства|370|Продажа и обслуживание подъёмно-грузовых / пассажирских устройств
автодома|90|Продажа / прокат автодомов
домофоны|40|Продажа / ремонт / установка домофонов
теплые-полы|1080|Продажа / установка тёплых полов
продажа-продуктов-питания-и-напитков|130|Продукты питания / Напитки|Продажа пищевого льда
услуги-проектирования-мостов-и-дорог|190|Проектирование дорог / мостов
аренда-водно-спортивного-транспорта|30|Прокат водно-спортивного транспорта / техники
прокат-оборудования-и-инструментов|6310|Прокат оборудования / инструментов
услуги-проката-спортивного-инвентаря|270|Прокат спортивного инвентаря / техники
услуги-промышленной-очистки-зданий|20|Промышленная очистка сооружений / оборудования
химические-средства-для-производства|1260|Промышленная химия / Химическое сырьё
ортопедические-изделия-протезы|7110|Протезные / ортопедические товары
протезные-и-ортопедические-товары|300|Протезные / ортопедические товары
противопожарная-техника-и-инвентарь|30|Противопожарное оборудование / инвентарь
двери-противопожарные|60|Противопожарные конструкции
курсы-повышения-квалификации-и-профессиональной-переподготовки|150|Профессиональная переподготовка / Повышение квалификации
пункты-приёма-платежей-и-расчётные-центры-коммунальных-услуг|7650|Пункты приёма платежей / Расчётные центры коммунальных услуг
развал-схождение|6000|Развал / Схождение
создание-и-продвижение-сайтов|3010|Разработка / поддержка / продвижение web-сайтов
регистрация-ликвидация-предприятий|820|Регистрация / ликвидация предприятий|Регистрация, ликвидация предприятий
ремонт-аудиовизуальной-техники|10|Ремонт аудио / видео / цифровой техники
ремонт-бытовой-техники|17320|Ремонт / установка бытовой техники
обслуживание-велосипедов|120|Ремонт спортивного инвентаря
ремонт-железнодорожной-техники|140|Ремонт железнодорожного оборудования / техники
ремонт-карбюраторов-и-инжекторов|1520|Ремонт карбюраторов / инжекторов
ремонт-водного-транспорта|110|Лодки, катера
ремонт-медицинского-оборудования-и-инструментов|240|Ремонт медицинского оборудования / инструментов
ремонт-и-обслуживание-обуви-кожгалантереи|220|Ремонт обуви / кожгалантереи
ремонт-дачного-инвентаря-и-техники|70|Ремонт садово-огородного инвентаря / техники
обслуживание-спецавтотехники|380|Ремонт спецтехники
ремонт-и-заправка-автокондиционеров|16050|Ремонт / заправка автокондиционеров
изготовление-и-ремонт-драгоценностей|540|Ремонт / изготовление ювелирных изделий
отделка-и-ремонт|130|Ремонт / отделка помещений
услуги-по-ремонту-и-реставрации-мебели|190|Ремонт / реставрация мебели
реставрация-и-ремонт-музыкальных-инструментов|270|Ремонт / реставрация музыкальных инструментов
монтаж-напольных-покрытий|20|Ремонт / укладка напольных покрытий
монтаж-и-обслуживание-бытовой-техники|860|Ремонт / установка бытовой техники
монтах-и-обслуживание-сантехники|60|Ремонт / установка сантехнического оборудования
рефлексотерапия|1720|Услуги рефлексотерапевта
деликатесы-рыба-и-морепродукты|14190|Рыба / Морепродукты|Рыба, морепродукты
техника-и-инвентарь-для-дачи|120|Садово-огородный инвентарь / техника|Садово-огородный инвентарь, техника
садово-парковая-мебель-и-аксессуары|540|Садово-парковая мебель / Аксессуары
санаторно-курортное-лечение-и-профилактории|1910|Санатории / Профилактории
сантехническое-оборудование|10|Сантехника / Санфаянс|Сантехника, санфаянс
продажа-сахара-и-соли|1170|Сахар / Соль|Сахар, соль
свадебные-салоны|13410|Свадебные товары
светоотражатели|30|Светоотражающие материалы / изделия
сельхозтехника|3850|Сельхозтехника / Вспомогательные устройства
посадочные-материалы-и-семена|40|Семена / Посадочный материал
инженерные-системы|40|Системы отопления / водоснабжения / канализации
службы-спасения|270|Службы спасения / экстренного вызова
экстренные-службы|100|Службы спасения / экстренного вызова
коррекция-веса|150|Центры диетологии / нутрициологии
услуги-сноса-зданий|30|Снос зданий / сооружений
спецавтотехника|780|Заказ спецтехники
пряности-и-специи|970|Специи / Пряности
средства-индивидуальной-защиты-униформа|810|Спецодежда / Средства индивидуальной защиты
спецтехника|240|Спецтехника / Вспомогательные устройства
одежда-и-обувь-для-занятий-спортом|80|Спортивная одежда / обувь
оборудование-и-аксессуары-для-спорта-и-развлечений|40|Спортивно-развлекательное оборудование / Аксессуары
средства-для-растений|130|Средства защиты растений / Удобрения
продажа-стекла-и-зеркал|11240|Стекло / Зеркала|Стекло, зеркала
витрины-и-стеллажи|1070|Стеллажи / Витрины
стоматологическое-оборудование-и-материалы|1790|Стоматологическое оборудование / материалы
техника-для-строительства|40|Строительное оборудование / Вспомогательные устройства
оборудование-и-техника-для-строительства|400|Строительное оборудование / Вспомогательные устройства
оборудование-и-вспомогательные-устройства-для-строительства|50|Строительное оборудование / Вспомогательные устройства
леса-и-вышки-для-строительства|20|Строительное оборудование / Вспомогательные устройства
материалы-для-строительства-и-отделки|100|Строительные / отделочные материалы
строительство-азс-агзс|430|Строительство АЗС / АГЗС
услуги-строительства-бань-и-саун|100|Строительство бань / саун
дачное-строительство|160|Строительство дач / коттеджей|Строительство дач, коттеджей
строительство-и-монтаж-бассейнов-и-фонтанов|420|Строительство / монтаж бассейнов, аквапарков|Строительство / обслуживание фонтанов
услуги-строительства-аэс-тэц-гэс|20|Строительство и обслуживание АЭС / ГЭС / ТЭЦ
строительство-мостов-тоннелей-и-путепроводов|260|Строительство мостов / тоннелей / путепроводов
строительство-систем-газоснабжения|1020|Строительство / обслуживание систем газоснабжения|Промышленное строительство
возведение-спортивных-сооружений-площадок|120|Строительство спортивных сооружений / площадок
строительство-обслуживание-электросетей|2210|Строительство / обслуживание электросетей|Опоры линий электропередач|Строительство, обслуживание электросетей
строительство-проектирование-объектов-связи|370|Строительство / проектирование объектов связи
строительство-ремонт-дорог|3190|Строительство / ремонт дорог
ремонт-и-строительство-железных-дорог|260|Строительство / ремонт железных дорог
строительство-ремонт-наружных-инженерных-сетей|1920|Инженерные службы
продажа-сувениров|50|Сувениры
строительство-и-ремонт-судов|310|Судостроение / Судоремонт|Судовое электрооборудование / арматура|Техническое обслуживание судов / судового оборудования
сумки-кожгалантерея|690|Сумки / Кожгалантерея
суши-бары-и-рестораны|1800|Суши-бары / рестораны
реквизит-и-бутафория|100|Сценические декорации / Бутафория
костюмы-для-выступлений-сцены|30|Сценические / карнавальные костюмы / Аксессуары
сырье-для-косметической-промышленности|20|Сырьё для производства косметики / бытовой химии
сигареты-табачная-продукция|540|Табачные изделия / Товары для курения
школы-танцев|340|Школы искусств
ткани-текстиль-интерьер|1050|Текстиль / Предметы интерьера|Текстиль для ресторанов / гостиниц / санаториев|Торговые центры товаров для интерьера / ремонта
телерадиокомпании|120|Телекомпании / Радиокомпании
продажа-телефонов-и-радиотелефонов|850|Телефоны / Радиотелефоны
корты-и-теннисные-клубы|10|Теннисные корты
оборудование-для-тепловых-сетей-и-вентиляции|660|Вентиляционное / тепловое оборудование
тепловые-энергостанции|6170|Теплоснабжение / Энергоснабжение / Водоснабжение
складская-техника|40|Техника для склада / Вспомогательные устройства
технические-газы-и-криогенные-жидкости|1870|Технические газы / Криогенные жидкости
праздничные-товары-товары-для-оформления-мероприятий|150|Товары для праздничного оформления / организации праздников
праздничные-товары|310|Товары для праздничного оформления / организации праздников
гигиенические-товары-для-гостиниц-и-санаториев|140|Товары индивидуального пользования для гостиниц / санаториев
тонизирующие-процедуры|90|Тонизирующие салоны
тонировка-стекол-зданий|30|Тонирование стёкол зданий / конструкций
пленки-для-тонировки-авто|10|Тонировочные / защитные плёнки для автомобилей
пленки-для-тонировки-и-защиты-стекол|560|Тонировочные / защитные плёнки для стёкол зданий, конструкций
трц-и-моллы|380|Торгово-развлекательные центры / Моллы
специализированные-торговые-центры|20|Торговые центры / Универсальные магазины
торговые-комплексы-центры|120|Торговые центры / Универсальные магазины
депо-троллейбусные|1300|Троллейбусные депо / парки
тсж|30|Территориальные общественные самоуправления
универсамы-торговые-комплексы|90|Торговые центры / Универсальные магазины
аллерголог-иммунолог|10|Услуги аллерголога / иммунолога|Центры иммунизации
лечение-за-рубежом|20|Услуги по организации родов / лечения за рубежом
наливные-и-промышленные-полы|20|Услуги по устройству промышленных / наливных полов
уролог|7760|Услуги уролога / андролога
фотосъемка-видеосъемка-с-выездом|40|Услуги фото / видеосъёмки на выезде
обслуживание-автостекол|100|Установка / ремонт автостёкол
переработка-вторсырья|210|Утилизация отходов / Вторсырьё
материалы-и-конструкции-для-отделки-фасадов|10|Фасадные материалы / конструкции|Фасадные материалы, конструкции
продажа-ферросплавов|270|Металлы / Сплавы
физиотерапия|610|Услуги физиотерапевта
фреш-бары-бары-кислородных-коктейлей|720|Фреш-бары / Точки безалкогольных коктейлей / горячих напитков
продаша-фрешей-горячих-напитков-и-коктейлей|30|Фреш-бары / Точки безалкогольных коктейлей / горячих напитков
услуги-химчистки|10|Химчистки одежды / текстиля
церкви-соборы-и-храмы|25320|Храмы / Соборы / Церкви
картинные-галереи-и-выставки|640|Художественные выставки / Галереи
художественные-товары-и-материалы|2880|Художественные товары / материалы
школы-изобразительного-искусства-художественных-навыков|390|Детские художественные школы
раннее-развитие-детей|570|Центры раннего дошкольного развития детей
школы-циркового-искусства|130|Цирковые школы / студии
чистка-и-реставрация-пухо-перьевых-изделий|6340|Чистка / реставрация пухо-перьевых изделий
услуги-широкоформатной-печати-уф-печати|1340|Широкоформатная печать|УФ-печать
эквайринг|40|Инфокоммуникационные терминалы
экспертиза-смет-проектов-инженерной-документации|260|Экспертиза проектной документации / результатов инженерных изысканий
электродвигатели-и-редукторы|510|Электродвигатели / Редукторы
cd-dvd-bd-диски|3010|CD / DVD / BD
пиццерия|30|Кафе / рестораны быстрого питания
техническая-оптика|240|Оптические приборы
продажа-сим-карт-оптом|410|Оптовая продажа сим-карт
природоохранные-организации|1870|Организации природоохраны
помощь-во-внешнеэкономической-деятельности|50|Организация внешнеэкономической деятельности
организация-выставок|400|Организация выставок
услуги-оформления-загранпаспорта|710|Помощь в оформлении загранпаспортов
содействие-в-получении-ипотеки|2240|Помощь в оформлении ипотеки
содействие-в-получении-кредитов|80|Помощь в оформлении кредита
краски-порошковые|190|Порошковые краски
услуги-послепечатной-обработки|550|Послепечатная обработка
посуда|9100|Посуда
почтовые-отделения|4510|Почтовые отделения
справочно-правовые-системы|40|Правовые программы
услуги-предпечатной-обработки|860|Предпечатная подготовка
прокат-и-продажа-лодок-катеров|50|Лодочные станции
паломнические-службы|760|Паломнические поездки
пошив-чехлов-для-авто|7570|Пошив авточехлов / автоковров
ткани-для-портьер-шторы|10|Портьерные ткани, шторы
